job_id,url,timestamp_utc
a1944017870e5468,https://www.indeed.com/viewjob?jk=a1944017870e5468,2025-05-08T22:00:00.308345
05bb5030f12e78bf,https://www.indeed.com/viewjob?jk=05bb5030f12e78bf,2025-05-08T22:00:00.308345
7eebbb74fa3b5d15,https://www.indeed.com/viewjob?jk=7eebbb74fa3b5d15,2025-05-08T22:00:00.308345
67870a316a3a0356,https://www.indeed.com/viewjob?jk=67870a316a3a0356,2025-05-08T22:00:00.308345
c92dd0299d407173,https://www.indeed.com/viewjob?jk=c92dd0299d407173,2025-05-08T22:00:00.308345
d7d045e665ce1b0c,https://www.indeed.com/viewjob?jk=d7d045e665ce1b0c,2025-05-08T22:00:00.308345
456fc47fe4ba1261,https://www.indeed.com/viewjob?jk=456fc47fe4ba1261,2025-05-08T22:00:00.308345
1caf45e7fade369f,https://www.indeed.com/viewjob?jk=1caf45e7fade369f,2025-05-08T22:00:00.308345
a1c28fc0133c7111,https://www.indeed.com/viewjob?jk=a1c28fc0133c7111,2025-05-08T22:00:00.308345
dd2ec72a7fd60cca,https://www.indeed.com/viewjob?jk=dd2ec72a7fd60cca,2025-05-08T22:00:00.308345
